{
  "project_info": {
    "project_number": "237423572794",
    "project_id": "flash-service-19825",
    "storage_bucket": "flash-service-19825.appspot.com"
  },
  "client": [
    {
      "client_info": {
        "mobilesdk_app_id": "1:237423572794:android:a7e6de98cb605adbcc0203",
        "android_client_info": {
          "package_name": "ni.edu.uca.flashserviceproject"
        }
      },
      "oauth_client": [
        {
          "client_id": "237423572794-82cf1kp2r4u0q12sknjr81olao4ftdaf.apps.googleusercontent.com",
          "client_type": 3
        }
      ],
      "api_key": [
        {
          "current_key": "AIzaSyBjo8vAWr9qjvEcLG10eAT2HEdXe1zisiI"
        }
      ],
      "services": {
        "appinvite_service": {
          "other_platform_oauth_client": [
            {
              "client_id": "237423572794-82cf1kp2r4u0q12sknjr81olao4ftdaf.apps.googleusercontent.com",
              "client_type": 3
            }
          ]
        }
      }
    }
  ],
  "configuration_version": "1"
}